"word","% sarc","% nonsarc","ratio sarc/nonsarc"
"totally",0.0164263129482533,0.00224,7.33317542332735
"obviously",0.0142669854245392,0.00332,4.29728476642747
"must",0.0192797100331611,0.0074,2.60536622069745
"everyone",0.0177758926505745,0.00756,2.3513085516633
"god",0.0201665766946865,0.00864,2.33409452484798
"yeah",0.0110279941389682,0.00516,2.1372081664667
"right",0.0429937533739493,0.0222,1.9366555573851
"oh",0.00721061155240225,0.00392,1.83944172255159
"sure",0.0257576926043032,0.0142,1.81392201438755
"government",0.0168890259890491,0.00932,1.8121272520439
"let",0.0154237680265289,0.00864,1.78515833640381
"man",0.018431402791702,0.01048,1.75872164042958
"great",0.0158093622271921,0.00968,1.63319857718927
"mean",0.0195881853936917,0.01228,1.59512910372082
"ca",0.0269530346263592,0.01704,1.58175085835441
"never",0.0266445592658286,0.017,1.56732701563698
"wow",0.00358602606616796,0.00252,1.42302621673332
"need",0.0223644636384669,0.016,1.39777897740418
"know",0.0470810519009794,0.0338,1.39293052961478
"us",0.0270687128865582,0.01976,1.36987413393513
"money",0.0182386056913704,0.01364,1.33714117971924
"people",0.0642399938304928,0.04952,1.29725351030882
"look",0.0138428318038097,0.0108,1.28174368553793
"well",0.0191254723528958,0.01512,1.26491219265184
"ever",0.0146911390452688,0.0118,1.24501178349735
"world",0.0142669854245392,0.01212,1.17714401192568
"better",0.0178915709107735,0.01584,1.12951836557914
"n",0.000539831880928511,0.00048,1.1246497519344
"way",0.0250250636230431,0.02248,1.11321457397879
"make",0.0263746433253644,0.024,1.09894347189018
"go",0.02201742885787,0.02052,1.0729741158806
"want",0.0217089534973394,0.02032,1.06835401069584
"see",0.0262204056450991,0.02492,1.05218321208263
"like",0.0700239068404411,0.067,1.04513293791703
"yes",0.00667077967147374,0.00652,1.0231257164837
"could",0.0258733708645022,0.02564,1.0091018277887
"get",0.0439577388756073,0.04464,0.984716372661454
"good",0.0274928665072877,0.02792,0.984701522467326
"thing",0.0176216549703092,0.0184,0.95769863969072
"work",0.0138042723837433,0.0146,0.945498108475572
"much",0.020937765096013,0.02384,0.878261958725376
"reddit",0.0148839361456004,0.01696,0.877590574622663
"would",0.0525564895503972,0.06,0.875941492506619
"really",0.0231742114598596,0.02728,0.849494554980192
"got",0.0144983419449371,0.01776,0.8163480824852
"going",0.0172746201897123,0.02172,0.795332421257475
"one",0.0351276316804195,0.04516,0.777848354305127
"even",0.0164648723683196,0.02444,0.67368544878558
"time",0.0194725071334927,0.02972,0.655198759538786
"think",0.0238682810210534,0.04444,0.5370900319769
